City_ID,City,Lat,Lng,Max Temp,Humidity,Cloudiness,Wind Speed,Country,Date
0,Rikitea,-23.1203,-134.9692,72.97,73,57,18.34,PF,2022-10-25 19:52:19
1,Hilo,19.7297,-155.09,82.11,74,17,5.01,US,2022-10-25 19:55:08
2,Sao Filipe,14.8961,-24.4956,78.08,79,69,7.61,CV,2022-10-25 19:55:08
3,Narrabri,-30.3167,149.7833,63.21,80,19,0.78,AU,2022-10-25 19:55:09
4,Ahipara,-35.1667,173.1667,60.57,71,54,8.05,NZ,2022-10-25 19:55:09
5,Saint-Philippe,-21.3585,55.7679,69.39,80,39,14.25,RE,2022-10-25 19:55:10
6,Georgetown,5.4112,100.3354,77.23,94,20,1.14,MY,2022-10-25 19:50:15
7,Magugu,-4.0167,35.7667,73.78,34,59,3.6,TZ,2022-10-25 19:55:11
8,Tilichiki,60.4667,166.1,20.26,85,60,3.65,RU,2022-10-25 19:55:11
9,Chake Chake,-5.2459,39.7666,75.16,87,14,7.56,TZ,2022-10-25 19:55:12
10,Punta Arenas,-53.15,-70.9167,55.51,41,0,19.57,CL,2022-10-25 19:55:12
11,Yar-Sale,66.8333,70.8333,20.43,95,98,10.16,RU,2022-10-25 19:55:13
12,Mataura,-46.1927,168.8643,45.48,69,100,3.13,NZ,2022-10-25 19:50:52
13,Ushuaia,-54.8,-68.3,49.62,40,0,6.91,AR,2022-10-25 19:55:14
14,Znamenskoye,57.1281,73.8282,33.37,97,100,7.49,RU,2022-10-25 19:55:15
15,Kapaa,22.0752,-159.319,84.18,78,38,5.99,US,2022-10-25 19:55:15
16,Homer,59.6425,-151.5483,38.8,80,100,10.0,US,2022-10-25 19:50:37
17,Majene,-3.5403,118.9707,78.22,86,84,3.06,ID,2022-10-25 19:55:16
18,New Norfolk,-42.7826,147.0587,54.91,86,100,5.01,AU,2022-10-25 19:55:16
19,Lorengau,-2.0226,147.2712,80.96,72,100,2.28,PG,2022-10-25 19:55:17
20,Auki,-8.7676,160.7034,79.21,84,13,3.38,SB,2022-10-25 19:55:19
21,Grindavik,63.8424,-22.4338,46.35,93,0,5.75,IS,2022-10-25 19:55:20
22,Luderitz,-26.6481,15.1594,64.45,62,100,16.55,NA,2022-10-25 19:55:01
23,Tuatapere,-46.1333,167.6833,50.36,73,100,5.14,NZ,2022-10-25 19:55:21
24,Kota Bahru,6.1333,102.2386,76.98,100,40,3.44,MY,2022-10-25 19:55:21
25,Yeniseysk,58.4497,92.1703,30.24,78,19,6.73,RU,2022-10-25 19:55:22
26,Omsukchan,62.5333,155.8,4.14,88,12,8.16,RU,2022-10-25 19:55:22
27,Kodiak,57.79,-152.4072,42.31,81,100,5.75,US,2022-10-25 19:54:57
28,Balabac,7.9868,117.0645,80.64,80,82,8.37,PH,2022-10-25 19:55:23
29,Albany,42.6001,-73.9662,70.84,90,99,3.0,US,2022-10-25 19:55:24
30,Kula,38.5473,28.6498,57.65,34,0,2.77,TR,2022-10-25 19:55:24
31,Ribeira Grande,38.5167,-28.7,64.8,63,40,14.97,PT,2022-10-25 19:55:24
32,Mar Del Plata,-38.0023,-57.5575,69.82,83,0,16.11,AR,2022-10-25 19:55:25
33,Cayenne,4.9333,-52.3333,87.84,70,75,13.8,GF,2022-10-25 19:50:58
34,Faanui,-16.4833,-151.75,79.72,79,99,24.11,PF,2022-10-25 19:55:26
35,Qandala,11.472,49.8728,78.94,74,28,3.94,SO,2022-10-25 19:55:26
36,Butaritari,3.0707,172.7902,81.05,77,42,3.09,KI,2022-10-25 19:55:27
37,Vao,-22.6667,167.4833,73.13,75,100,20.69,NC,2022-10-25 19:55:27
38,Atasu,48.6814,71.6433,39.94,22,100,7.43,KZ,2022-10-25 19:53:10
39,Busselton,-33.65,115.3333,52.79,88,51,1.88,AU,2022-10-25 19:55:28
40,Pudozh,61.8099,36.5345,30.42,86,32,4.36,RU,2022-10-25 19:55:28
41,Qaqortoq,60.7167,-46.0333,29.77,69,0,5.84,GL,2022-10-25 19:55:29
42,Kavaratti,10.5669,72.642,82.13,61,96,8.59,IN,2022-10-25 19:55:31
43,Jamestown,42.097,-79.2353,73.06,40,0,8.05,US,2022-10-25 19:55:10
44,Ponta Do Sol,32.6667,-17.1,72.23,86,60,4.05,PT,2022-10-25 19:55:31
45,Hearst,49.6835,-83.6665,51.94,85,100,8.97,CA,2022-10-25 19:55:32
46,Moranbah,-22.0016,148.0466,75.49,70,29,1.99,AU,2022-10-25 19:56:32
47,Constitucion,-35.3333,-72.4167,59.14,78,83,9.01,CL,2022-10-25 19:56:01
48,Lebu,-37.6167,-73.65,57.09,82,88,13.0,CL,2022-10-25 19:56:33
49,Anadyr,64.75,177.4833,9.1,84,100,2.24,RU,2022-10-25 19:55:40
50,Hede,33.7681,120.2517,56.82,63,100,6.58,CN,2022-10-25 19:56:33
51,Guerrero Negro,27.9769,-114.0611,77.4,30,0,5.3,MX,2022-10-25 19:56:34
52,Anloga,5.7947,0.8973,81.14,82,98,7.38,GH,2022-10-25 19:56:34
53,Yarmouth,41.7057,-70.2286,69.91,93,75,8.05,US,2022-10-25 19:56:34
54,Bagdarin,54.4333,113.6,19.13,62,17,3.6,RU,2022-10-25 19:56:35
55,Esperance,-33.8667,121.9,56.12,80,43,8.7,AU,2022-10-25 19:52:17
56,Hobart,-42.8794,147.3294,55.26,96,75,16.11,AU,2022-10-25 19:55:20
57,Aklavik,68.2191,-135.0107,8.02,95,93,4.74,CA,2022-10-25 19:56:35
58,Pisco,-13.7,-76.2167,66.25,68,20,12.66,PE,2022-10-25 19:54:35
59,Taunsa,30.7048,70.6505,74.82,25,0,3.38,PK,2022-10-25 19:56:36
60,Torbeyevo,54.0797,43.2473,31.87,82,84,2.93,RU,2022-10-25 19:56:36
61,Fortuna,40.5982,-124.1573,61.93,78,0,6.91,US,2022-10-25 19:56:37
62,Sembe,1.6481,14.5806,71.11,98,100,1.32,CG,2022-10-25 19:56:37
63,Tuktoyaktuk,69.4541,-133.0374,11.21,94,65,5.7,CA,2022-10-25 19:51:58
64,Stepnyak,52.8339,70.7803,32.83,65,100,6.33,KZ,2022-10-25 19:56:38
65,Andenes,69.3143,16.1194,33.93,80,0,8.05,NO,2022-10-25 19:56:38
66,Thompson,55.7435,-97.8558,26.94,94,100,11.1,CA,2022-10-25 19:51:39
67,Sassandra,4.95,-6.0833,76.66,92,100,5.32,CI,2022-10-25 19:56:39
68,Namtsy,62.7161,129.6658,14.56,97,72,5.28,RU,2022-10-25 19:56:39
69,Atuona,-9.8,-139.0333,76.89,73,3,20.45,PF,2022-10-25 19:56:39
70,Yellowknife,62.456,-114.3525,23.56,85,99,10.0,CA,2022-10-25 19:56:40
71,Lompoc,34.6391,-120.4579,82.02,56,64,7.0,US,2022-10-25 19:56:40
72,San Ignacio,17.1561,-89.0714,90.45,57,61,6.98,BZ,2022-10-25 19:56:41
73,Khani,41.9563,42.9566,42.37,78,100,4.88,GE,2022-10-25 19:56:41
74,Karaton,-6.3424,106.1045,73.83,94,100,9.64,ID,2022-10-25 19:56:43
75,Tongliao,43.6125,122.2653,52.47,66,92,7.38,CN,2022-10-25 19:56:44
76,Port Macquarie,-31.4333,152.9167,62.89,84,8,6.51,AU,2022-10-25 19:56:44
77,Lincoln,40.8,-96.667,63.01,42,0,8.01,US,2022-10-25 19:55:35
78,Kargasok,59.0556,80.8572,31.78,87,100,15.21,RU,2022-10-25 19:53:38
79,Provideniya,64.3833,-173.3,22.57,86,93,11.23,RU,2022-10-25 19:53:34
80,Eureka,40.8021,-124.1637,62.2,86,94,3.0,US,2022-10-25 19:52:42
81,Takoradi,4.8845,-1.7554,78.3,86,90,5.53,GH,2022-10-25 19:52:38
82,Bandarbeyla,9.4942,50.8122,77.95,75,19,2.37,SO,2022-10-25 19:56:09
83,Kargil,34.5667,76.1,35.82,45,0,4.16,IN,2022-10-25 19:56:47
84,Placido De Castro,-10.3353,-67.1856,91.96,46,100,1.92,BR,2022-10-25 19:56:47
85,San Andres,12.5847,-81.7006,87.82,70,75,4.61,CO,2022-10-25 19:56:48
86,Khatanga,71.9667,102.5,5.85,97,88,7.14,RU,2022-10-25 19:52:53
87,Erenhot,43.6475,111.9767,35.13,64,7,12.41,CN,2022-10-25 19:56:49
88,Romanovka,51.7443,42.7527,35.46,69,18,4.14,RU,2022-10-25 19:56:50
89,Virginia Beach,36.8529,-75.978,64.44,94,100,6.91,US,2022-10-25 19:51:56
90,Port Alfred,-33.5906,26.891,60.19,87,100,4.0,ZA,2022-10-25 19:56:51
91,Tasiilaq,65.6145,-37.6368,29.34,94,100,3.09,GL,2022-10-25 19:57:51
92,Beringovskiy,63.05,179.3167,21.16,83,98,14.09,RU,2022-10-25 19:57:52
93,Presidencia Roque Saenz Pena,-26.7852,-60.4388,98.42,22,9,9.69,AR,2022-10-25 19:57:53
94,Thinadhoo,0.5333,72.9333,83.12,73,71,12.17,MV,2022-10-25 19:57:53
95,Bouca,6.5105,18.2733,72.86,79,85,0.89,CF,2022-10-25 19:57:54
96,Alofi,-19.0595,-169.9187,75.09,60,80,10.36,NU,2022-10-25 19:57:54
97,Asau,46.4333,26.4,56.32,90,100,1.12,RO,2022-10-25 19:54:50
98,Lavrentiya,65.5833,-171.0,26.31,77,99,13.76,RU,2022-10-25 19:57:55
99,Cidreira,-30.1811,-50.2056,67.95,75,0,15.73,BR,2022-10-25 19:54:03
100,Karasuk,53.7377,78.0403,31.93,45,100,8.55,RU,2022-10-25 19:57:55
101,Cabo San Lucas,22.8909,-109.9124,88.61,57,16,6.93,MX,2022-10-25 19:53:52
102,Avarua,-21.2078,-159.775,75.25,69,75,5.75,CK,2022-10-25 19:57:56
103,Umtata,-31.5889,28.7844,59.56,82,100,8.05,ZA,2022-10-25 19:56:00
104,Hermanus,-34.4187,19.2345,58.8,79,100,11.77,ZA,2022-10-25 19:57:56
105,Nacala,-14.5428,40.6728,74.48,85,23,11.52,MZ,2022-10-25 19:57:58
106,Leningradskiy,69.3833,178.4167,1.6,91,73,5.06,RU,2022-10-25 19:57:58
107,Bereda,43.2686,-7.5406,59.41,92,26,8.75,ES,2022-10-25 19:57:59
108,Saint George,37.1041,-113.5841,62.44,30,4,3.0,US,2022-10-25 19:57:59
109,Juneau,58.3019,-134.4197,39.22,71,43,3.29,US,2022-10-25 19:58:00
110,Cherskiy,68.75,161.3,-4.85,92,42,6.89,RU,2022-10-25 19:53:20
111,Palmer,42.1584,-72.3287,70.9,87,75,0.0,US,2022-10-25 19:58:00
112,Bambous Virieux,-20.3428,57.7575,73.22,83,40,13.8,MU,2022-10-25 19:58:01
113,Taoudenni,22.6783,-3.9836,85.14,11,96,11.12,ML,2022-10-25 19:58:01
114,Loding,67.3,14.75,43.84,76,75,12.66,NO,2022-10-25 19:58:02
115,Udachnyy,66.4167,112.4,5.49,96,36,6.04,RU,2022-10-25 19:58:02
116,Klaksvik,62.2266,-6.589,50.92,93,100,10.65,FO,2022-10-25 19:58:03
117,Bojonegoro,-7.1502,111.8817,75.88,88,87,3.89,ID,2022-10-25 19:58:03
118,Fernley,39.608,-119.2518,62.04,40,100,1.99,US,2022-10-25 19:58:04
119,Ilulissat,69.2167,-51.1,26.4,97,100,2.13,GL,2022-10-25 19:58:04
120,Bluff,-46.6,168.3333,45.81,76,100,8.68,NZ,2022-10-25 19:56:26
121,Camana,-16.6228,-72.7111,66.25,70,51,8.68,PE,2022-10-25 19:58:04
122,San Juan De Los Morros,9.9115,-67.3538,82.81,70,99,2.89,VE,2022-10-25 19:58:05
123,Sobolevo,54.4299,31.8996,44.89,89,100,8.1,RU,2022-10-25 19:58:05
124,Duldurga,50.6761,113.5931,20.98,72,0,5.32,RU,2022-10-25 19:58:06
125,Souillac,-20.5167,57.5167,71.98,83,40,13.8,MU,2022-10-25 19:58:06
126,Bredasdorp,-34.5322,20.0403,61.48,72,100,9.15,ZA,2022-10-25 19:58:07
127,Hithadhoo,-0.6,73.0833,81.77,75,53,12.62,MV,2022-10-25 19:58:07
128,Severo-Kurilsk,50.6789,156.125,36.99,66,5,6.58,RU,2022-10-25 19:58:07
129,Sorland,67.667,12.6934,44.46,64,100,2.48,NO,2022-10-25 19:58:08
130,Freeport,40.6576,-73.5832,75.49,86,28,5.01,US,2022-10-25 19:55:24
131,Carnarvon,-24.8667,113.6333,64.18,68,0,23.76,AU,2022-10-25 19:58:08
132,Deputatskiy,69.3,139.9,13.68,88,100,9.24,RU,2022-10-25 19:58:09
133,Samarai,-10.6167,150.6667,80.2,71,26,6.26,PG,2022-10-25 19:58:09
134,Port Elizabeth,-33.918,25.5701,65.1,81,75,11.5,ZA,2022-10-25 19:58:09
135,Grand Gaube,-20.0064,57.6608,73.38,68,0,5.01,MU,2022-10-25 19:58:10
136,Oranjemund,-28.55,16.4333,58.26,85,100,13.02,NA,2022-10-25 19:58:10
137,Bengkulu,-3.8004,102.2655,74.1,93,100,5.73,ID,2022-10-25 19:58:11
138,Victoria,22.2855,114.1577,73.45,72,100,10.0,HK,2022-10-25 19:56:52
139,Kushmurun,52.4503,64.6311,34.86,77,99,7.02,KZ,2022-10-25 19:58:12
140,Yenagoa,4.9247,6.2642,76.21,94,100,3.6,NG,2022-10-25 19:59:14
141,Chara,56.9064,118.2631,17.1,67,43,2.35,RU,2022-10-25 19:59:14
142,Sambava,-14.2667,50.1667,71.13,85,7,4.41,MG,2022-10-25 19:58:24
143,Loreto,22.2667,-101.9667,77.05,27,5,7.02,MX,2022-10-25 19:56:18
144,Posse,-14.0931,-46.3694,89.2,25,28,6.26,BR,2022-10-25 19:54:56
145,Narsaq,60.9167,-46.05,24.78,73,0,7.52,GL,2022-10-25 19:59:15
146,Prince Rupert,54.3161,-130.3201,44.35,88,88,6.55,CA,2022-10-25 19:59:15
147,Airai,-8.9266,125.4092,61.63,93,100,0.83,TL,2022-10-25 19:59:16
148,Tadine,-21.55,167.8833,74.53,75,100,16.71,NC,2022-10-25 19:59:17
149,Kruisfontein,-34.0033,24.7314,62.89,76,100,11.9,ZA,2022-10-25 19:59:17
150,Portland,45.5234,-122.6762,56.62,88,100,8.01,US,2022-10-25 19:55:35
151,Kavieng,-2.5744,150.7967,82.09,77,100,5.55,PG,2022-10-25 19:59:18
152,Burnie,-41.0667,145.9167,56.95,88,100,8.7,AU,2022-10-25 19:59:18
153,Kysyl-Syr,63.8986,122.7617,22.03,96,96,5.5,RU,2022-10-25 19:59:19
154,Codrington,-38.2667,141.9667,57.0,96,99,8.41,AU,2022-10-25 19:59:19
155,Gladstone,-23.85,151.25,71.53,94,100,5.75,AU,2022-10-25 19:59:20
156,Norman Wells,65.282,-126.8329,17.44,81,87,2.62,CA,2022-10-25 19:59:20
157,Torbay,47.6666,-52.7314,60.89,79,0,5.08,CA,2022-10-25 19:59:20
158,Kaitangata,-46.2817,169.8464,48.54,64,100,5.55,NZ,2022-10-25 19:59:21
159,Vanavara,60.34,102.2797,28.45,79,95,11.23,RU,2022-10-25 19:59:21
160,Arraial Do Cabo,-22.9661,-42.0278,76.96,78,40,10.36,BR,2022-10-25 19:59:22
161,Springbok,-29.6643,17.8865,60.8,39,98,3.85,ZA,2022-10-25 19:59:22
162,Caravelas,-17.7125,-39.2481,75.22,85,50,5.77,BR,2022-10-25 19:59:23
163,Upernavik,72.7868,-56.1549,23.72,94,100,12.39,GL,2022-10-25 19:59:24
164,Belaya Glina,46.07,40.86,54.3,50,100,6.64,RU,2022-10-25 19:59:24
165,Cape Town,-33.9258,18.4232,61.27,86,20,18.41,ZA,2022-10-25 19:55:47
166,Ribas Do Rio Pardo,-20.4431,-53.7592,90.86,29,0,5.59,BR,2022-10-25 19:59:25
167,Longyearbyen,78.2186,15.6401,15.64,79,40,4.61,SJ,2022-10-25 19:59:25
168,Mahebourg,-20.4081,57.7,73.26,83,40,13.8,MU,2022-10-25 19:59:26
169,Saldanha,-33.0117,17.9442,59.05,91,37,15.77,ZA,2022-10-25 19:58:25
170,La Palma,33.8464,-118.0467,83.5,35,0,5.01,US,2022-10-25 19:59:26
171,Ostrovnoy,68.0531,39.5131,31.08,82,95,16.71,RU,2022-10-25 19:57:28
172,Hami,42.8,93.45,50.43,39,100,2.13,CN,2022-10-25 19:59:27
173,Durban,-29.8579,31.0292,72.01,87,62,8.99,ZA,2022-10-25 19:57:21
174,Tiksi,71.6872,128.8694,17.64,91,100,11.34,RU,2022-10-25 19:59:27
175,Manama,26.2154,50.5832,82.38,74,0,3.44,BH,2022-10-25 19:59:28
176,Jalu,29.0331,21.5482,73.11,42,0,11.16,LY,2022-10-25 19:59:28
177,Vaini,-21.2,-175.2,71.76,64,100,8.05,TO,2022-10-25 19:59:28
178,Clyde River,70.4692,-68.5914,0.0,88,31,4.16,CA,2022-10-25 19:59:29
179,Fort Nelson,58.8053,-122.7002,28.94,76,68,1.7,CA,2022-10-25 19:59:29
180,Flinders,-34.5833,150.8552,65.05,89,57,5.99,AU,2022-10-25 19:59:30
181,Tinde,-3.8833,33.2,82.15,22,78,8.84,TZ,2022-10-25 19:59:30
182,Preobrazheniye,42.9019,133.9064,41.88,73,10,7.07,RU,2022-10-25 19:59:31
183,La Ronge,55.1001,-105.2842,34.11,58,100,3.38,CA,2022-10-25 19:59:31
184,Ayia Galini,35.1,24.6833,67.75,56,0,1.92,GR,2022-10-25 19:59:32
185,College,64.8569,-147.8028,23.2,86,10,3.0,US,2022-10-25 20:00:32
186,Vostok,46.4856,135.8833,27.91,56,13,4.81,RU,2022-10-25 20:00:33
187,Cartagena,10.3997,-75.5144,85.62,70,75,11.5,CO,2022-10-25 19:59:26
188,Alexandria,31.2156,29.9553,70.34,66,0,9.66,EG,2022-10-25 19:57:14
189,Prado,-17.3411,-39.2208,75.24,83,83,7.05,BR,2022-10-25 20:00:34
190,Boshnyakovo,49.6333,142.1667,36.1,78,68,7.54,RU,2022-10-25 20:00:35
191,Batemans Bay,-35.7167,150.1833,62.1,82,6,4.59,AU,2022-10-25 19:55:35
192,Te Anau,-45.4167,167.7167,50.34,86,100,5.1,NZ,2022-10-25 20:00:35
193,Bairiki,1.3292,172.9752,80.53,79,96,11.88,KI,2022-10-25 20:00:36
194,Lata,40.1629,-8.3327,65.8,85,3,5.06,PT,2022-10-25 20:00:36
195,Eyrarbakki,63.863,-21.1481,46.2,71,100,19.28,IS,2022-10-25 20:00:37
196,Guilin,25.2819,110.2864,67.03,47,46,2.86,CN,2022-10-25 20:00:38
197,Sierra Vista,31.5545,-110.3037,68.38,19,0,1.99,US,2022-10-25 20:00:39
198,San Policarpo,12.1791,125.5072,80.78,86,100,13.24,PH,2022-10-25 20:00:39
199,Waingapu,-9.6567,120.2641,79.84,81,99,1.7,ID,2022-10-25 20:00:40
200,Flagstaff,35.1981,-111.6513,61.59,26,0,8.05,US,2022-10-25 20:00:40
201,Shambu,9.5667,37.1,50.9,87,21,2.06,ET,2022-10-25 20:00:41
202,Turukhansk,65.8167,87.9833,28.9,97,100,14.41,RU,2022-10-25 20:00:42
203,Castro,-24.7911,-50.0119,72.82,64,0,6.15,BR,2022-10-25 20:00:42
204,Dikson,73.5069,80.5464,23.09,86,100,2.66,RU,2022-10-25 20:00:43
205,Hyeres,43.1167,6.1167,68.68,77,100,3.44,FR,2022-10-25 20:00:43
206,Gopalur,16.6167,77.8,67.82,65,0,7.07,IN,2022-10-25 20:00:44
207,Kanadey,53.1679,47.5264,35.31,68,100,5.64,RU,2022-10-25 20:00:44
208,San Jose,37.3394,-121.895,73.69,50,20,8.99,US,2022-10-25 20:00:45
209,Bathsheba,13.2167,-59.5167,84.81,79,75,23.02,BB,2022-10-25 20:00:45
210,Kamenka,51.3223,42.7678,36.01,62,12,2.66,RU,2022-10-25 20:00:46
211,Sur,22.5667,59.5289,80.69,49,0,6.46,OM,2022-10-25 19:57:48
212,Plettenberg Bay,-34.0527,23.3716,59.58,80,100,6.76,ZA,2022-10-25 20:00:46
213,Goderich,43.7501,-81.7165,71.91,58,100,13.76,CA,2022-10-25 20:00:46
214,Comodoro Rivadavia,-45.8667,-67.5,61.39,50,99,17.11,AR,2022-10-25 20:00:47
215,Guymon,36.6828,-101.4816,66.36,13,0,6.04,US,2022-10-25 20:00:47
216,Latung,5.5,120.8833,82.9,79,97,12.68,PH,2022-10-25 20:00:48
217,Leua,48.2156,18.6071,57.49,81,0,2.62,SK,2022-10-25 20:00:48
218,Farmington,36.7281,-108.2187,55.2,31,0,5.99,US,2022-10-25 20:00:49
219,Westport,41.1415,-73.3579,74.93,88,52,1.99,US,2022-10-25 20:00:29
220,Hasaki,35.7333,140.8333,53.22,57,100,33.08,JP,2022-10-25 20:00:49
221,Pyay,18.8167,95.2167,73.51,95,93,0.18,MM,2022-10-25 20:00:50
222,Quatre Cocos,-20.2078,57.7625,73.09,76,5,11.27,MU,2022-10-25 20:00:50
223,Miramar,25.9873,-80.2323,87.03,58,0,5.99,US,2022-10-25 20:00:11
224,Buckeye,33.3703,-112.5838,76.44,19,0,5.75,US,2022-10-25 20:00:16
225,Igarka,67.4667,86.5833,26.42,97,100,4.34,RU,2022-10-25 20:00:51
226,Hofn,64.2539,-15.2082,42.28,80,100,18.5,IS,2022-10-25 20:00:51
227,Coxim,-18.5067,-54.76,98.96,21,1,10.78,BR,2022-10-25 20:00:52
228,Jumla,29.2747,82.1838,42.91,77,1,5.08,NP,2022-10-25 20:00:52
229,Englewood,39.6478,-104.9878,64.81,27,90,4.0,US,2022-10-25 19:57:36
230,Sola,-13.8833,167.55,78.89,76,12,0.16,VU,2022-10-25 20:01:53
231,Pavlovskiy,57.8424,54.8436,28.8,95,41,6.64,RU,2022-10-25 20:01:54
232,Coquimbo,-29.9533,-71.3436,60.12,67,0,8.14,CL,2022-10-25 20:01:54
233,Chuy,-33.6971,-53.4616,65.86,69,2,12.8,UY,2022-10-25 20:01:55
234,Kieta,-6.2167,155.6333,79.27,84,71,1.48,PG,2022-10-25 20:00:35
235,Saskylakh,71.9167,114.0833,-3.73,100,86,4.03,RU,2022-10-25 20:01:55
236,Amahai,-3.3333,128.9167,79.14,84,98,0.11,ID,2022-10-25 20:01:56
237,Puerto Ayora,-0.7393,-90.3518,69.55,88,87,5.01,EC,2022-10-25 20:01:56
238,Avera,33.194,-82.5271,79.56,35,100,6.89,US,2022-10-25 20:01:57
239,Marhaura,25.9667,84.8667,73.33,61,0,2.55,IN,2022-10-25 20:01:57
240,Los Llanos De Aridane,28.6585,-17.9182,69.55,89,75,4.0,ES,2022-10-25 20:01:58
241,Vardo,70.3705,31.1107,30.18,80,0,20.71,NO,2022-10-25 20:01:58
242,Crotone,39.0851,17.1178,70.86,54,37,3.71,IT,2022-10-25 20:01:58
243,Baijiantan,45.6333,85.1833,46.44,67,89,1.48,CN,2022-10-25 20:01:59
244,Manuk Mangkaw,4.8,119.85,82.58,79,100,13.98,PH,2022-10-25 20:01:59
245,Cienfuegos,22.1461,-80.4356,86.22,47,3,4.14,CU,2022-10-25 20:02:00
246,Midyat,37.4247,41.3393,57.61,33,0,4.54,TR,2022-10-25 20:02:00
247,Pizarro,4.9533,-77.366,77.56,90,100,7.94,CO,2022-10-25 20:02:00
248,Port Hedland,-20.3167,118.5667,62.65,82,0,4.61,AU,2022-10-25 19:58:14
249,Flin Flon,54.7682,-101.865,30.78,73,100,9.98,CA,2022-10-25 20:00:30
250,Tongchuan,35.0806,109.0897,53.89,74,100,2.26,CN,2022-10-25 20:02:01
251,Qui Nhon,13.7667,109.2333,76.01,92,100,8.25,VN,2022-10-25 20:02:01
252,Baykit,61.67,96.37,31.51,83,100,10.22,RU,2022-10-25 20:02:02
253,Qaanaaq,77.484,-69.3632,24.08,93,100,3.47,GL,2022-10-25 20:02:03
254,San Patricio,28.017,-97.5169,77.16,21,0,10.98,US,2022-10-25 20:02:03
255,Dudinka,69.4058,86.1778,-1.28,100,98,4.32,RU,2022-10-25 20:02:04
256,Truro,50.2653,-5.0544,60.08,94,40,25.32,GB,2022-10-25 20:00:21
257,Konosha,60.9736,40.257,28.72,86,16,3.4,RU,2022-10-25 20:02:05
258,Sorong,-0.8833,131.25,79.21,87,85,6.53,ID,2022-10-25 20:02:05
259,Sisimiut,66.9395,-53.6735,25.0,88,83,9.06,GL,2022-10-25 20:02:08
260,Koupela,12.1794,-0.3517,88.27,28,29,6.78,BF,2022-10-25 20:02:08
261,Pangnirtung,66.1451,-65.7125,17.02,68,100,5.82,CA,2022-10-25 20:02:09
262,Moussoro,13.6408,16.4901,86.54,13,5,15.97,TD,2022-10-25 20:02:09
263,Mujiayingzi,42.1167,118.7833,50.72,61,100,6.98,CN,2022-10-25 20:02:10
264,Pevek,69.7008,170.3133,-0.09,92,12,6.96,RU,2022-10-25 20:02:11
265,Dingle,10.9995,122.6711,76.06,92,100,4.68,PH,2022-10-25 20:02:12
266,Umm Lajj,25.0213,37.2685,78.91,63,0,6.26,SA,2022-10-25 20:02:12
267,Barrow,71.2906,-156.7887,17.62,86,100,21.85,US,2022-10-25 20:02:13
268,Aranos,-24.1333,19.1167,79.23,10,89,14.52,NA,2022-10-25 20:02:13
269,Conde,-7.2597,-34.9075,77.94,72,97,11.74,BR,2022-10-25 20:00:02
270,Nouadhibou,20.931,-17.0347,70.84,83,2,15.5,MR,2022-10-25 20:02:14
271,Cedar City,37.6775,-113.0619,56.39,36,41,7.11,US,2022-10-25 20:02:14
272,Scarborough,54.2797,-0.4044,54.34,88,100,4.0,GB,2022-10-25 20:02:15
273,Aksu,41.1231,80.2644,50.05,32,13,4.56,CN,2022-10-25 20:02:15
274,Umm Bab,25.2142,50.8072,80.67,54,0,4.32,QA,2022-10-25 20:02:16
275,Kudahuvadhoo,2.6708,72.8944,80.98,81,50,11.18,MV,2022-10-25 20:02:16
276,Hurghada,27.2574,33.8129,74.97,64,0,5.53,EG,2022-10-25 20:02:17
277,Gualeguaychu,-33.0094,-58.5172,81.9,49,66,12.28,AR,2022-10-25 20:03:17
278,Sioux Lookout,50.1001,-91.917,37.27,64,100,10.4,CA,2022-10-25 20:00:14
279,Cuamba,-14.8031,36.5372,81.39,30,88,3.24,MZ,2022-10-25 20:03:18
280,Port Hardy,50.6996,-127.4199,43.47,91,100,8.23,CA,2022-10-25 20:03:18
281,Bac Lieu,9.285,105.7244,78.75,84,95,0.6,VN,2022-10-25 20:03:19
282,Amot,59.5714,7.9877,45.77,93,62,3.76,NO,2022-10-25 20:03:19
283,Alice Town,25.7167,-79.3,78.64,65,0,11.59,BS,2022-10-25 20:03:20
284,Huarmey,-10.0681,-78.1522,67.48,70,26,10.31,PE,2022-10-25 20:03:20
285,Srednekolymsk,67.45,153.6833,9.73,95,100,10.38,RU,2022-10-25 20:03:20
286,Tessalit,20.1986,1.0114,82.42,15,99,9.86,ML,2022-10-25 20:00:43
287,Hirara,24.8,125.2833,74.03,63,100,19.39,JP,2022-10-25 20:00:47
288,Aksarka,66.5606,67.7975,22.44,94,100,5.1,RU,2022-10-25 20:03:23
289,Salamiyah,35.0113,37.0532,72.09,36,100,12.41,SY,2022-10-25 20:03:23
290,Beatrice,40.2681,-96.747,60.89,31,0,19.57,US,2022-10-25 20:03:24
291,Scottsboro,34.6723,-86.0341,78.66,50,100,11.5,US,2022-10-25 20:03:04
292,Yatou,37.15,122.3833,53.31,63,100,8.16,CN,2022-10-25 20:03:24
293,Am Timan,11.0297,20.2827,77.52,35,1,2.04,TD,2022-10-25 20:03:25
294,Luanda,-8.8368,13.2343,78.8,83,20,8.05,AO,2022-10-25 19:59:36
295,Harper,4.375,-7.7169,77.7,89,36,7.96,LR,2022-10-25 20:03:26
296,Hamilton,39.1834,-84.5333,76.06,51,100,3.0,US,2022-10-25 20:00:04
297,Oriximina,-1.7656,-55.8661,93.15,44,100,4.34,BR,2022-10-25 20:03:27
298,Devonport,-41.1667,146.35,58.01,94,100,7.9,AU,2022-10-25 20:03:27
299,Sault Sainte Marie,46.5168,-84.3333,61.09,77,100,6.91,CA,2022-10-25 20:03:28
300,Changde,29.0464,111.6783,58.96,67,16,5.53,CN,2022-10-25 20:03:28
301,Eenhana,-17.4667,16.3333,76.24,48,38,5.88,NA,2022-10-25 20:03:29
302,Artesia,33.8658,-118.0831,83.48,35,0,5.01,US,2022-10-25 20:00:15
303,Payakumbuh,-0.2202,100.6308,70.25,98,100,3.18,ID,2022-10-25 20:03:29
304,Noumea,-22.2763,166.4572,78.01,99,100,9.37,NC,2022-10-25 20:03:30
305,Gat,31.61,34.7642,79.48,39,0,6.11,IL,2022-10-25 20:00:31
306,Kungurtug,50.5994,97.5228,19.15,45,0,1.66,RU,2022-10-25 20:03:31
307,Novopokrovka,49.8425,36.5477,50.0,92,100,7.56,UA,2022-10-25 20:03:31
308,Praxedis Guerrero,31.3667,-106.0167,63.86,17,0,9.42,MX,2022-10-25 20:03:31
309,Illapel,-31.6308,-71.1653,65.84,49,0,12.44,CL,2022-10-25 20:03:32
310,Ishinomaki,38.4167,141.3,47.21,75,74,10.54,JP,2022-10-25 20:03:32
311,Zwedru,6.0667,-8.1281,77.58,83,96,2.62,LR,2022-10-25 20:03:34
312,Kidal,18.4411,1.4078,84.78,19,90,9.64,ML,2022-10-25 20:03:34
313,Gallup,35.5281,-108.7426,56.16,31,0,0.0,US,2022-10-25 20:03:35
314,Koslan,63.4564,48.8989,31.6,82,94,6.53,RU,2022-10-25 20:03:35
315,Baillif,16.0202,-61.7463,81.9,78,98,17.43,GP,2022-10-25 20:03:35
316,Ziarat,30.3823,67.7282,52.0,31,4,9.57,PK,2022-10-25 20:03:36
317,Slantsy,59.1182,28.0914,40.84,95,100,7.4,RU,2022-10-25 20:03:36
318,Bethel,41.3712,-73.414,72.77,88,75,1.01,US,2022-10-25 20:03:04
319,Mainaguri,26.5667,88.8167,67.46,97,27,4.25,IN,2022-10-25 20:03:37
320,Ilebo,-4.3167,20.5833,72.77,88,32,2.84,CD,2022-10-25 20:03:37
321,Rio De Janeiro,-22.9028,-43.2075,74.95,100,47,8.63,BR,2022-10-25 20:03:36
322,Jadu,31.953,12.0261,66.61,32,4,4.38,LY,2022-10-25 20:03:38
323,Cairns,-16.9167,145.7667,78.06,93,0,1.14,AU,2022-10-25 20:03:39
324,Svetlogorsk,52.6333,29.7333,50.79,98,100,6.35,BY,2022-10-25 20:03:39
325,Madimba,-10.4,40.3333,73.13,88,11,6.51,TZ,2022-10-25 20:04:39
326,Sawakin,19.1059,37.3321,84.74,69,14,0.49,SD,2022-10-25 20:04:40
327,Kathua,32.3667,75.5167,66.09,47,0,4.81,IN,2022-10-25 20:04:40
328,Yenotayevka,47.2456,47.0281,43.38,74,5,8.5,RU,2022-10-25 20:04:41
329,Belmonte,-15.8631,-38.8828,75.92,79,100,6.11,BR,2022-10-25 20:04:41
330,Richards Bay,-28.783,32.0377,71.82,90,84,17.09,ZA,2022-10-25 20:02:46
331,Esmeraldas,-19.7625,-44.3139,80.38,42,82,2.15,BR,2022-10-25 20:02:15
332,Sakakah,29.9697,40.2064,73.42,29,81,14.2,SA,2022-10-25 20:04:42
333,Xam Nua,20.4197,104.0439,62.94,95,99,1.23,LA,2022-10-25 20:04:42
334,Tabou,4.423,-7.3528,77.61,89,31,7.25,CI,2022-10-25 20:04:42
335,Molteno,-31.3968,26.3625,56.03,85,100,11.03,ZA,2022-10-25 20:04:43
336,Nikolayevsk-Na-Amure,53.1406,140.73,29.7,77,35,2.71,RU,2022-10-25 20:04:43
337,Poum,-20.2333,164.0167,75.36,81,20,8.75,NC,2022-10-25 20:04:44
338,Puerto Del Rosario,28.5004,-13.8627,73.15,88,20,9.22,ES,2022-10-25 20:01:44
339,Namibe,-15.1961,12.1522,69.53,84,38,8.72,AO,2022-10-25 20:04:45
340,Praia Da Vitoria,38.7333,-27.0667,60.76,77,38,12.12,PT,2022-10-25 20:04:46
341,Loukhi,66.0764,33.0381,29.19,86,75,5.08,RU,2022-10-25 20:04:48
342,Naron,43.5167,-8.1528,66.6,78,90,16.02,ES,2022-10-25 20:04:48
343,Marawi,7.9986,124.2928,68.43,94,87,0.83,PH,2022-10-25 20:04:49
344,Isangel,-19.55,169.2667,75.56,81,100,11.72,VU,2022-10-25 20:04:49
345,Ulladulla,-35.35,150.4667,61.83,79,27,5.12,AU,2022-10-25 20:01:33
346,Faya,18.3851,42.4509,61.32,72,24,3.74,SA,2022-10-25 20:04:50
347,Saint-Augustin,51.226,-58.6502,52.38,81,37,7.4,CA,2022-10-25 20:04:51
348,Luganville,-15.5333,167.1667,78.67,83,23,1.97,VU,2022-10-25 20:04:52
349,Tura,25.5198,90.2201,64.24,96,41,3.02,IN,2022-10-25 20:02:32
350,Yagodnoye,62.55,149.6667,6.85,75,1,11.05,RU,2022-10-25 20:04:53
351,Nikolskoye,59.7035,30.7861,35.49,81,100,8.39,RU,2022-10-25 20:04:53
352,Jertih,5.7336,102.4897,76.12,93,100,2.28,MY,2022-10-25 20:04:54
353,Kerema,-7.9631,145.7785,78.4,88,48,3.27,PG,2022-10-25 20:04:54
354,Labuhan,-6.8844,112.2051,77.67,82,81,11.45,ID,2022-10-25 20:04:55
355,Chokurdakh,70.6333,147.9167,6.12,93,100,3.29,RU,2022-10-25 20:04:55
356,Garowe,8.4054,48.4845,77.79,72,6,13.65,SO,2022-10-25 20:04:56
357,Lobito,-12.3481,13.5456,76.84,82,82,9.4,AO,2022-10-25 20:02:33
358,Marrakesh,31.6315,-8.0083,84.27,23,75,8.05,MA,2022-10-25 20:04:57
359,Katherine,-14.4667,132.2667,82.72,78,100,11.5,AU,2022-10-25 20:04:58
360,Ovalle,-30.5983,-71.2003,69.03,38,0,17.13,CL,2022-10-25 20:04:58
361,Ilheus,-14.7889,-39.0494,74.07,82,100,3.22,BR,2022-10-25 20:02:48
362,Havre-Saint-Pierre,50.2334,-63.5986,50.54,82,60,3.36,CA,2022-10-25 20:04:59
363,Ambilobe,-13.2,49.05,72.28,76,13,7.07,MG,2022-10-25 20:04:59
364,Libona,8.3389,124.7353,68.32,93,96,3.6,PH,2022-10-25 20:05:00
365,Kabinda,-6.1333,24.4833,72.54,72,93,4.43,CD,2022-10-25 20:05:00
366,Ginda,30.6945,78.4932,50.94,38,0,7.4,IN,2022-10-25 20:05:01
367,Bonavista,48.6499,-53.1147,51.87,78,6,4.38,CA,2022-10-25 20:05:01
368,Mae Hong Son,19.3003,97.9685,73.35,91,77,0.76,TH,2022-10-25 20:05:02
369,Amparafaravola,-17.5833,48.2167,62.65,89,47,4.32,MG,2022-10-25 20:05:02
370,Yuzhne,46.6221,31.1013,60.1,87,100,15.17,UA,2022-10-25 20:06:03
371,Praia,14.9215,-23.5087,78.03,80,66,10.04,CV,2022-10-25 20:03:37
372,Kaduqli,11.0167,29.7167,76.3,42,0,4.92,SD,2022-10-25 20:06:04
373,Puerto Ayacucho,5.6639,-67.6236,88.57,59,72,3.47,VE,2022-10-25 20:06:04
374,Belem De Sao Francisco,-8.7539,-38.9658,88.12,43,56,7.99,BR,2022-10-25 20:06:05
375,Szubin,53.0097,17.74,54.21,94,75,6.91,PL,2022-10-25 20:06:05
376,Kainantu,-6.2887,145.8655,58.12,95,96,1.21,PG,2022-10-25 20:06:05
377,Sayyan,15.1718,44.3244,57.58,30,0,3.38,YE,2022-10-25 20:06:06
378,Razole,16.4833,81.8333,72.81,77,1,2.71,IN,2022-10-25 20:06:07
379,Ancud,-41.8697,-73.8203,54.72,76,69,16.91,CL,2022-10-25 20:06:08
380,Praya,14.9215,-23.5087,78.03,80,66,10.04,CV,2022-10-25 20:03:44
381,Eyl,7.9803,49.8164,79.27,76,6,5.77,SO,2022-10-25 20:06:08
382,Kodinsk,58.6881,99.1844,28.27,75,57,6.22,RU,2022-10-25 20:06:09
383,Karakol,42.4907,78.3936,43.02,44,97,4.18,KG,2022-10-25 20:05:35
384,Sabang,5.8933,95.3214,81.34,78,87,14.14,ID,2022-10-25 20:06:09
385,Lahaina,20.8783,-156.6825,87.8,78,1,8.93,US,2022-10-25 20:06:11
386,Ponta Delgada,37.7333,-25.6667,65.12,63,40,6.91,PT,2022-10-25 20:06:11
387,Antofagasta,-23.65,-70.4,61.88,68,6,9.35,CL,2022-10-25 20:06:12
388,Kalabo,-14.97,22.6814,80.8,35,70,3.62,ZM,2022-10-25 20:06:13
389,Barranca,-10.75,-77.7667,66.02,69,2,10.85,PE,2022-10-25 20:06:13
390,Port-Gentil,-0.7193,8.7815,80.56,89,40,10.36,GA,2022-10-25 20:01:26
391,Khandyga,62.6667,135.6,23.0,91,100,9.57,RU,2022-10-25 20:06:14
392,Igrim,63.1906,64.4162,25.29,91,47,4.63,RU,2022-10-25 20:06:15
393,Mlyniv,50.509,25.6168,52.93,97,93,5.79,UA,2022-10-25 20:06:15
394,Mapastepec,15.4333,-92.9,86.81,63,6,6.51,MX,2022-10-25 20:06:16
395,Salalah,17.0151,54.0924,77.09,61,0,3.44,OM,2022-10-25 20:06:17
396,Uruzgan,32.8333,66.0,57.07,20,1,4.59,AF,2022-10-25 20:06:17
397,Angoche,-16.2325,39.9086,77.14,69,56,15.73,MZ,2022-10-25 20:06:18
398,Kiruna,67.8557,20.2251,24.26,95,98,2.39,SE,2022-10-25 20:06:18
399,Sao Jose Da Coroa Grande,-8.8978,-35.1478,78.84,77,60,12.73,BR,2022-10-25 20:06:19
400,Seattle,47.6062,-122.3321,53.37,85,100,11.5,US,2022-10-25 20:06:10
401,Pendleton,45.6721,-118.7886,57.61,54,0,16.11,US,2022-10-25 20:04:25
402,Sinegorye,62.0788,150.477,7.25,77,3,9.24,RU,2022-10-25 20:06:19
403,Gemena,3.25,19.7667,70.57,96,100,0.58,CD,2022-10-25 20:06:20
404,Moerai,-22.4333,-151.3333,72.72,86,95,27.38,PF,2022-10-25 20:06:20
405,Zhigansk,66.7697,123.3711,7.38,93,100,6.51,RU,2022-10-25 20:03:27
406,Ossora,59.2353,163.0719,28.78,74,86,11.9,RU,2022-10-25 20:06:21
407,Ostashkov,57.1467,33.1075,37.96,88,100,8.59,RU,2022-10-25 20:06:22
408,Haines Junction,60.7522,-137.5108,25.5,56,6,2.26,CA,2022-10-25 20:06:23
409,Iranshahr,27.2025,60.6848,73.74,25,0,4.61,IR,2022-10-25 20:06:23
410,Sorokino,53.75,84.9167,29.95,69,0,4.45,RU,2022-10-25 20:06:24
411,Banyo,6.75,11.8167,67.3,79,63,1.74,CM,2022-10-25 20:06:24
412,Gudur,14.1333,79.85,75.76,60,0,3.36,IN,2022-10-25 20:06:25
413,General Roca,-39.0333,-67.5833,77.99,26,100,2.24,AR,2022-10-25 20:06:25
414,Kerchevskiy,59.946,56.2884,26.4,94,59,5.59,RU,2022-10-25 20:07:26
415,Kokopo,-4.352,152.2633,77.99,79,42,4.9,PG,2022-10-25 20:07:26
416,San Rafael,-34.6177,-68.3301,74.71,45,67,15.46,AR,2022-10-25 20:07:26
417,Komsomolets,53.7453,62.0708,34.59,98,100,11.48,KZ,2022-10-25 20:07:27
418,Egvekinot,66.3167,-179.1667,6.26,87,52,6.22,RU,2022-10-25 20:07:27
419,Kloulklubed,7.0419,134.2556,75.7,78,100,20.94,PW,2022-10-25 20:07:28
420,Adrar,20.5022,-10.0711,82.76,13,90,9.82,MR,2022-10-25 20:07:28
421,Canatlan,24.5167,-104.7833,72.7,28,7,7.4,MX,2022-10-25 20:07:28
422,Saint-Joseph,-21.3667,55.6167,68.38,78,21,10.25,RE,2022-10-25 20:07:29
423,Dunedin,-45.8742,170.5036,52.81,78,100,2.19,NZ,2022-10-25 20:07:29
424,Lagoa,39.05,-27.9833,63.43,64,18,22.32,PT,2022-10-25 20:07:29
425,Calatayud,41.3535,-1.6432,65.05,47,93,6.06,ES,2022-10-25 20:07:30
426,Sao Joao Da Barra,-21.6403,-41.0511,73.49,81,9,11.88,BR,2022-10-25 20:05:45
427,Tocache,-8.1842,-76.5125,87.94,57,76,3.51,PE,2022-10-25 20:07:30
428,Yulara,-25.2406,130.9889,66.0,37,0,9.95,AU,2022-10-25 20:06:11
429,La Gomera,14.0833,-91.05,89.31,73,65,7.18,GT,2022-10-25 20:07:31
430,Agadez,19.75,10.25,70.48,11,0,7.34,NE,2022-10-25 20:07:32
431,Mount Gambier,-37.8333,140.7667,57.11,94,100,6.91,AU,2022-10-25 20:07:32
432,Ratnagiri,16.9833,73.3,73.65,75,0,5.17,IN,2022-10-25 20:07:32
433,Kachiry,53.0675,76.1036,34.21,33,100,8.19,KZ,2022-10-25 20:07:33
434,Povenets,62.8487,34.8262,33.67,83,67,7.36,RU,2022-10-25 20:07:33
435,Damaturu,11.747,11.9608,83.07,21,97,9.08,NG,2022-10-25 20:07:34
436,Tuy Hoa,13.0833,109.3,75.54,93,100,3.96,VN,2022-10-25 20:07:34
437,Chihuahua,28.5,-106.0,66.2,28,1,5.1,MX,2022-10-25 20:07:34
438,Talnakh,69.4865,88.3972,8.55,98,95,2.89,RU,2022-10-25 20:07:35
439,Byron Bay,-28.65,153.6167,70.95,77,22,6.8,AU,2022-10-25 20:04:30
440,Marzuq,14.4,46.4667,68.09,57,3,4.25,YE,2022-10-25 20:07:10
441,Sungairaya,0.7,108.9,76.35,91,100,3.65,ID,2022-10-25 20:07:22
442,Katsuura,35.1333,140.3,56.93,73,100,25.81,JP,2022-10-25 20:07:36
443,Galesong,-5.3166,119.3661,75.22,80,74,3.0,ID,2022-10-25 20:07:36
444,Severnyy,50.677,36.5532,48.24,93,100,11.18,RU,2022-10-25 20:07:37
445,Huaihua,27.5494,109.9592,60.4,60,46,3.27,CN,2022-10-25 20:07:37
446,Tsevie,6.4261,1.2133,78.03,83,100,4.29,TG,2022-10-25 20:07:38
447,Aizawl,23.7333,92.7167,56.62,99,47,1.5,IN,2022-10-25 20:07:38
448,Manadhoo,5.7667,73.3833,80.31,83,97,8.43,MV,2022-10-25 20:07:38
449,La Plata,-34.9215,-57.9545,75.07,46,100,13.4,AR,2022-10-25 20:07:39
450,Namatanai,-3.6667,152.4333,80.74,78,92,4.99,PG,2022-10-25 20:07:40
451,Vila Franca Do Campo,37.7167,-25.4333,64.81,70,100,8.84,PT,2022-10-25 20:07:42
452,Shalakusha,62.2247,40.2539,28.24,95,12,3.42,RU,2022-10-25 20:07:42
453,North Platte,41.1239,-100.7654,64.29,26,0,8.05,US,2022-10-25 20:07:43
454,Cabedelo,-6.9811,-34.8339,81.27,71,100,13.02,BR,2022-10-25 20:07:43
455,Kahone,14.15,-16.0333,87.17,49,100,2.21,SN,2022-10-25 20:07:43
456,French Harbor,16.35,-86.4333,88.07,71,20,11.5,HN,2022-10-25 20:07:44
457,Padang,-0.9492,100.3543,75.31,94,100,1.07,ID,2022-10-25 20:07:44
458,Somerset,40.5668,-74.5496,72.25,92,100,1.99,US,2022-10-25 20:05:11
459,Nhulunbuy,-12.2333,136.7667,79.41,89,45,5.75,AU,2022-10-25 20:07:45
460,Umm Kaddadah,13.6017,26.6876,80.8,19,5,14.63,SD,2022-10-25 20:07:45
461,Nidzica,53.3605,20.4275,51.39,94,67,6.42,PL,2022-10-25 20:07:46
462,Vorontsovka,50.6132,40.3549,44.92,76,97,7.52,RU,2022-10-25 20:07:46
463,Port Moresby,-9.4431,147.1797,75.85,86,71,3.02,PG,2022-10-25 20:08:48
464,Kapit,2.0167,112.9333,73.09,100,100,0.63,MY,2022-10-25 20:08:48
465,San Quintin,30.4833,-115.95,71.82,29,0,6.73,MX,2022-10-25 20:08:14
466,Maniitsoq,65.4167,-52.9,29.79,78,62,3.18,GL,2022-10-25 20:08:48
467,Bambanglipuro,-7.95,110.2833,76.39,84,100,4.34,ID,2022-10-25 20:08:49
468,Ashington,50.9331,-0.3909,62.19,85,100,1.99,GB,2022-10-25 20:08:49
469,Oktyabrskiy,54.4815,53.471,32.86,86,98,9.15,RU,2022-10-25 20:08:50
470,Naze,28.3667,129.4833,67.75,64,100,18.59,JP,2022-10-25 20:08:50
471,East London,-33.0153,27.9116,65.5,70,100,14.56,ZA,2022-10-25 20:08:51
472,Bay Roberts,47.5999,-53.2648,60.51,71,2,1.01,CA,2022-10-25 20:08:51
473,Vozhega,60.4725,40.2213,29.21,94,12,3.51,RU,2022-10-25 20:08:51
474,Lhokseumawe,5.1801,97.1507,79.54,86,100,8.16,ID,2022-10-25 20:08:52
475,Trelew,-43.249,-65.3051,70.74,25,100,18.39,AR,2022-10-25 20:08:52
476,Inhambane,-23.865,35.3833,76.89,88,1,14.29,MZ,2022-10-25 20:08:52
477,Viedma,-40.8135,-62.9967,78.87,26,97,15.1,AR,2022-10-25 20:08:53
478,Zyryanka,65.75,150.85,12.9,93,100,10.27,RU,2022-10-25 20:08:53
479,Corn Island,12.1694,-83.0418,83.05,72,43,7.47,NI,2022-10-25 20:08:54
480,Priargunsk,50.3691,119.1012,31.73,58,100,11.14,RU,2022-10-25 20:08:54
481,Abha,18.2164,42.5053,61.05,77,0,4.61,SA,2022-10-25 20:06:25
482,Behbahan,30.5959,50.2417,77.59,22,30,1.88,IR,2022-10-25 20:08:56
483,Gao,16.6362,1.637,86.56,18,23,9.66,ML,2022-10-25 20:08:57
484,Broome,42.2506,-75.833,69.19,93,100,6.93,US,2022-10-25 20:08:58
485,Fare,-16.7,-151.0167,79.66,81,100,25.1,PF,2022-10-25 20:08:58
486,Sechura,-5.5569,-80.8222,76.98,54,97,14.94,PE,2022-10-25 20:08:58
487,Nemuro,43.3236,145.575,44.58,52,6,3.4,JP,2022-10-25 20:08:59
488,Santa Vitoria Do Palmar,-33.5189,-53.3681,66.56,67,2,12.46,BR,2022-10-25 20:08:59
489,Xichang,27.8964,102.2634,61.57,97,90,2.93,CN,2022-10-25 20:08:59
490,Anjiang,27.3194,110.1031,62.83,51,27,1.74,CN,2022-10-25 20:09:00
491,Chalons-En-Champagne,48.9539,4.3672,61.83,83,100,9.06,FR,2022-10-25 20:09:00
492,Chapais,49.7834,-74.8492,63.84,73,100,12.66,CA,2022-10-25 20:09:01
493,Rocha,-34.4833,-54.3333,69.12,66,9,11.63,UY,2022-10-25 20:09:01
494,Yerbogachen,61.2767,108.0108,27.54,92,100,9.71,RU,2022-10-25 20:09:02
495,Gornyy,55.1153,83.9059,27.9,68,6,6.67,RU,2022-10-25 20:09:02
496,Gazli,40.1333,63.45,53.47,71,0,8.41,UZ,2022-10-25 20:09:03
497,Penzance,50.1186,-5.5371,59.68,84,100,30.09,GB,2022-10-25 20:09:03
498,Fairbanks,64.8378,-147.7164,23.22,87,0,12.66,US,2022-10-25 20:07:01
499,Dreux,48.6667,1.25,60.98,66,100,10.67,FR,2022-10-25 20:09:04
500,Bahce,37.1972,36.5766,63.39,36,2,4.43,TR,2022-10-25 20:09:04
501,Magdalena,14.1999,121.429,74.35,92,100,8.5,PH,2022-10-25 20:09:05
502,Jatai,-17.8814,-51.7144,90.19,27,0,2.71,BR,2022-10-25 20:09:05
503,Ayan,56.45,138.1667,35.55,56,100,8.57,RU,2022-10-25 20:09:05
504,Gamba,-2.65,10.0,77.09,89,89,2.77,GA,2022-10-25 20:07:48
505,Dukhovnitskoye,52.4828,48.2137,40.17,55,98,8.99,RU,2022-10-25 20:09:06
506,Novoagansk,61.9449,76.6625,29.88,87,88,17.52,RU,2022-10-25 20:09:07
507,Uvarovo,51.9849,42.2615,34.95,70,21,4.63,RU,2022-10-25 20:09:07
508,Touros,-5.1989,-35.4608,79.34,73,85,14.18,BR,2022-10-25 20:09:08
509,Kilifi,-3.6305,39.8499,75.97,90,76,8.86,KE,2022-10-25 20:09:08
510,Pahrump,36.2083,-115.9839,69.26,13,2,1.99,US,2022-10-25 20:09:09
511,Aras,42.5617,-2.356,66.63,49,20,2.3,ES,2022-10-25 20:09:10
512,Chimoio,-19.1164,33.4833,70.92,76,24,2.73,MZ,2022-10-25 20:10:11
513,Galle,6.0367,80.217,77.81,86,100,4.18,LK,2022-10-25 20:10:11
514,Martapura,-3.4167,114.85,77.09,100,75,3.44,ID,2022-10-25 20:10:12
515,Sistranda,63.7256,8.834,48.16,88,100,9.91,NO,2022-10-25 20:10:12
516,Svetlyy,54.675,20.1347,53.65,91,84,10.31,RU,2022-10-25 20:10:13
517,Matay,28.419,30.7792,71.78,56,23,7.02,EG,2022-10-25 20:10:13
518,Kuwana,35.0667,136.7,53.6,64,0,6.78,JP,2022-10-25 20:10:14
519,Paamiut,61.994,-49.6678,31.66,73,13,13.27,GL,2022-10-25 20:10:14
520,Basco,20.4487,121.9702,78.26,66,99,23.29,PH,2022-10-25 20:10:15
521,Salym,60.0625,71.4789,30.58,82,63,7.67,RU,2022-10-25 20:10:15
522,High Level,58.5169,-117.136,31.46,82,100,5.44,CA,2022-10-25 20:10:16
523,Mayo,38.8876,-76.5119,64.35,92,100,5.75,US,2022-10-25 20:10:16
524,Hualmay,-11.0964,-77.6139,66.43,70,9,10.83,PE,2022-10-25 20:10:18
525,Nanortalik,60.1432,-45.2371,34.45,72,3,4.43,GL,2022-10-25 20:10:19
526,Monte Santo,-10.4378,-39.3328,77.13,68,100,7.4,BR,2022-10-25 20:10:20
527,Atambua,-9.1061,124.8925,75.97,84,100,1.36,ID,2022-10-25 20:10:20
528,Stromness,58.965,-3.296,51.76,88,98,5.01,GB,2022-10-25 20:10:21
529,Mocuba,-16.8392,36.9856,79.12,57,59,3.49,MZ,2022-10-25 20:10:21
530,Isla Mujeres,21.2311,-86.731,86.16,64,65,10.98,MX,2022-10-25 20:10:22
531,Biak,-0.9131,122.8766,77.4,82,99,1.74,ID,2022-10-25 20:10:23
532,Kortkeros,61.8106,51.5806,30.2,95,29,4.12,RU,2022-10-25 20:10:23
533,Pitimbu,-7.4706,-34.8086,81.19,74,83,12.17,BR,2022-10-25 20:10:24
534,Alto Araguaia,-17.3147,-53.2153,91.02,28,82,1.16,BR,2022-10-25 20:10:24
535,Coahuayana,18.7333,-103.6833,84.11,75,92,6.67,MX,2022-10-25 20:07:22
536,Geraldton,-28.7667,114.6,48.61,93,0,6.91,AU,2022-10-25 20:10:25
537,Cananeia,-25.0147,-47.9267,69.87,84,86,6.42,BR,2022-10-25 20:10:26
538,Sharjah,25.3573,55.4033,84.18,73,0,5.75,AE,2022-10-25 20:10:23
539,Riyadh,24.6877,46.7219,73.54,16,0,8.37,SA,2022-10-25 20:06:46
540,Bilibino,68.0546,166.4372,-15.95,99,13,3.85,RU,2022-10-25 20:10:27
541,Glenwood Springs,39.5505,-107.3248,45.36,86,100,3.0,US,2022-10-25 20:08:46
542,Sanmenxia,34.7747,111.1814,55.09,83,100,4.83,CN,2022-10-25 20:10:28
543,Bandar-E Lengeh,26.5579,54.8807,82.38,69,0,6.24,IR,2022-10-25 20:10:28
544,Horsham,51.064,-0.3272,61.45,88,0,10.36,GB,2022-10-25 20:10:29
545,Libano,4.9218,-75.0623,71.51,80,100,2.59,CO,2022-10-25 20:10:29
546,Torbat-E Jam,35.244,60.6225,56.82,74,38,5.99,IR,2022-10-25 20:10:29
547,Pusad,19.9,77.5833,67.84,63,0,0.87,IN,2022-10-25 20:10:30
548,Bandrele,-12.9067,45.1914,78.55,73,75,11.5,YT,2022-10-25 20:07:47
549,Volary,48.9088,13.8866,48.24,97,6,2.84,CZ,2022-10-25 20:10:30
550,Mandalgovi,45.7625,106.2708,20.86,64,3,6.55,MN,2022-10-25 20:10:30
551,Bubaque,11.2833,-15.8333,85.44,72,15,10.27,GW,2022-10-25 20:10:31
552,Wattegama,6.7989,81.4808,73.15,96,100,1.34,LK,2022-10-25 20:10:31
553,Kununurra,-15.7667,128.7333,78.78,89,24,0.0,AU,2022-10-25 20:11:35
554,Karratha,-20.7377,116.8463,74.41,30,0,9.06,AU,2022-10-25 20:07:38
555,Sitka,57.0531,-135.33,46.29,61,20,6.91,US,2022-10-25 20:11:36
556,Baker City,44.7749,-117.8344,46.11,53,59,4.61,US,2022-10-25 20:11:04
557,Mitsamiouli,-11.3847,43.2844,75.67,79,5,12.03,KM,2022-10-25 20:11:36
558,Abu Samrah,35.3029,37.1841,72.09,34,97,7.31,SY,2022-10-25 20:08:33
559,Koumac,-20.5667,164.2833,74.89,82,9,2.06,NC,2022-10-25 20:11:37
560,Puerto Leguizamo,-0.1934,-74.7819,88.45,60,100,0.18,CO,2022-10-25 20:11:37
561,Wembley,-31.9333,115.8,52.68,93,0,1.14,AU,2022-10-25 20:11:38
562,Verkhnyaya Inta,65.9811,60.3094,24.35,96,99,10.07,RU,2022-10-25 20:11:38
563,Rafaela,-31.2503,-61.4867,92.98,18,100,10.0,AR,2022-10-25 20:11:39
564,Inuvik,68.3499,-133.7218,4.93,95,58,2.82,CA,2022-10-25 20:11:39
565,Hollins,37.3413,-79.9431,73.24,56,0,14.97,US,2022-10-25 20:11:40
566,Indramayu,-6.3264,108.32,75.69,90,100,9.42,ID,2022-10-25 20:11:40
567,Russell,32.3502,-85.1999,79.41,57,40,5.75,US,2022-10-25 20:11:41
568,Hambantota,6.1241,81.1185,76.8,88,100,7.7,LK,2022-10-25 20:11:41
569,Murgab,37.4966,61.9714,56.21,67,0,2.71,TM,2022-10-25 20:07:43
570,Burgos,42.3394,-3.7079,57.61,72,0,14.97,ES,2022-10-25 20:11:42
571,Mitu,1.1983,-70.1733,86.27,59,98,2.01,CO,2022-10-25 20:11:42
